{
    "Logistic Regression": {
        "accuracy": 0.8627450980392157,
        "precision": 0.8701239480993243,
        "recall": 0.8627450980392157,
        "f1_score": 0.8630025539627616,
        "confusion_matrix": [
            [
                35,
                2,
                0
            ],
            [
                8,
                27,
                0
            ],
            [
                0,
                4,
                26
            ]
        ]
    },
    "Random Forest": {
        "accuracy": 0.8823529411764706,
        "precision": 0.9070669934640524,
        "recall": 0.8823529411764706,
        "f1_score": 0.8792778527163607,
        "confusion_matrix": [
            [
                37,
                0,
                0
            ],
            [
                10,
                24,
                1
            ],
            [
                1,
                0,
                29
            ]
        ]
    },
    "SVM": {
        "accuracy": 0.8431372549019608,
        "precision": 0.8521673803621065,
        "recall": 0.8431372549019608,
        "f1_score": 0.8414134290894254,
        "confusion_matrix": [
            [
                34,
                3,
                0
            ],
            [
                10,
                24,
                1
            ],
            [
                1,
                1,
                28
            ]
        ]
    },
    "XGBoost": {
        "accuracy": 0.9117647058823529,
        "precision": 0.9142877739331026,
        "recall": 0.9117647058823529,
        "f1_score": 0.9121241518278294,
        "confusion_matrix": [
            [
                35,
                2,
                0
            ],
            [
                5,
                30,
                0
            ],
            [
                0,
                2,
                28
            ]
        ]
    },
    "best_model": "XGBoost",
    "dataset_metrics": {
        "train_size": 408,
        "test_size": 102,
        "num_features": 1023
    }
}